[
  {
    "metadata": {
      "id": "6e440e71-8ed9-4f25-bb78-4b13096b8a03",
      "publisherId": "formulahendry.auto-rename-tag",
      "publisherDisplayName": "formulahendry"
    },
    "name": "auto-rename-tag",
    "publisher": "formulahendry",
    "version": "0.1.4"
  },
  {
    "metadata": {
      "id": "697255a9-3f36-44c8-b084-d3b91edfb23a",
      "publisherId": "HookyQR.beautify",
      "publisherDisplayName": "HookyQR"
    },
    "name": "beautify",
    "publisher": "HookyQR",
    "version": "1.5.0"
  },
  {
    "metadata": {
      "id": "f583eafd-aa0d-4ccb-8f44-d1e610389660",
      "publisherId": "CoenraadS.bracket-pair-colorizer",
      "publisherDisplayName": "CoenraadS"
    },
    "name": "bracket-pair-colorizer",
    "publisher": "CoenraadS",
    "version": "1.0.61"
  },
  {
    "metadata": {
      "id": "5a6e2b21-1d61-4acd-b31b-907f9c23f18a",
      "publisherId": "CoenraadS.bracket-pair-colorizer-2",
      "publisherDisplayName": "CoenraadS"
    },
    "name": "bracket-pair-colorizer-2",
    "publisher": "CoenraadS",
    "version": "0.2.0"
  },
  {
    "metadata": {
      "id": "a6a0c5b2-d078-4bf5-a9ee-4e37054414b3",
      "publisherId": "formulahendry.code-runner",
      "publisherDisplayName": "formulahendry"
    },
    "name": "code-runner",
    "publisher": "formulahendry",
    "version": "0.11.0"
  },
  {
    "metadata": {
      "id": "e337c67b-55c2-4fef-8949-eb260e7fb7fd",
      "publisherId": "Shan.code-settings-sync",
      "publisherDisplayName": "Shan"
    },
    "name": "code-settings-sync",
    "publisher": "Shan",
    "version": "3.4.3"
  },
  {
    "metadata": {
      "id": "962ddc1e-7e84-425d-a080-645c30aa8bbf",
      "publisherId": "thoughtsdump.custom-xml-formatter",
      "publisherDisplayName": "thoughtsdump"
    },
    "name": "custom-xml-formatter",
    "publisher": "thoughtsdump",
    "version": "1.2.3"
  },
  {
    "metadata": {
      "id": "eaa2127d-cb69-4ab9-8505-a60c9ee5f28b",
      "publisherId": "oderwat.indent-rainbow",
      "publisherDisplayName": "oderwat"
    },
    "name": "indent-rainbow",
    "publisher": "oderwat",
    "version": "7.4.0"
  },
  {
    "metadata": {
      "id": "198a707e-28af-4e84-8610-6e2f628dd12d",
      "publisherId": "redhat.java",
      "publisherDisplayName": "redhat"
    },
    "name": "java",
    "publisher": "redhat",
    "version": "0.64.1"
  },
  {
    "metadata": {
      "id": "167f8587-016d-4d2b-91c2-9b10089983f4",
      "publisherId": "caolin.java-run",
      "publisherDisplayName": "caolin"
    },
    "name": "java-run",
    "publisher": "caolin",
    "version": "1.1.4"
  },
  {
    "metadata": {
      "id": "a2cec723-5349-460d-9de9-0fd1f8d3456f",
      "publisherId": "xabikos.JavaScriptSnippets",
      "publisherDisplayName": "xabikos"
    },
    "name": "JavaScriptSnippets",
    "publisher": "xabikos",
    "version": "1.8.0"
  },
  {
    "metadata": {
      "id": "5db78037-f674-459f-a236-db622c427c5b",
      "publisherId": "PKief.material-icon-theme",
      "publisherDisplayName": "PKief"
    },
    "name": "material-icon-theme",
    "publisher": "PKief",
    "version": "4.2.0"
  },
  {
    "metadata": {
      "id": "fef63133-dae3-40fb-b81d-6da7617b4b1e",
      "publisherId": "techer.open-in-browser",
      "publisherDisplayName": "techer"
    },
    "name": "open-in-browser",
    "publisher": "techer",
    "version": "2.0.0"
  },
  {
    "metadata": {
      "id": "96fa4707-6983-4489-b7c5-d5ffdfdcce90",
      "publisherId": "esbenp.prettier-vscode",
      "publisherDisplayName": "esbenp"
    },
    "name": "prettier-vscode",
    "publisher": "esbenp",
    "version": "5.1.3"
  },
  {
    "metadata": {
      "id": "52f5d501-e221-409a-a595-efea69f1bbb7",
      "publisherId": "Quark.quarkxpress-server-xslt-snippets",
      "publisherDisplayName": "Quark"
    },
    "name": "quarkxpress-server-xslt-snippets",
    "publisher": "Quark",
    "version": "0.0.5"
  },
  {
    "metadata": {
      "id": "bff1f003-d9ad-42d3-a55d-2e3aa9612f9e",
      "publisherId": "qub.qub-xml-vscode",
      "publisherDisplayName": "qub"
    },
    "name": "qub-xml-vscode",
    "publisher": "qub",
    "version": "1.2.8"
  },
  {
    "metadata": {
      "id": "dda49fd5-1f3b-4d25-bf61-4fc41905ede5",
      "publisherId": "humao.rest-client",
      "publisherDisplayName": "humao"
    },
    "name": "rest-client",
    "publisher": "humao",
    "version": "0.24.1"
  },
  {
    "metadata": {
      "id": "6623619a-676d-4cde-943f-a3c193b44fc0",
      "publisherId": "ChakrounAnas.turbo-console-log",
      "publisherDisplayName": "ChakrounAnas"
    },
    "name": "turbo-console-log",
    "publisher": "ChakrounAnas",
    "version": "1.4.0"
  },
  {
    "metadata": {
      "id": "7752d5d1-7dab-46f8-bc86-ffca8c2d33e7",
      "publisherId": "fabianlauer.vs-code-xml-format",
      "publisherDisplayName": "fabianlauer"
    },
    "name": "vs-code-xml-format",
    "publisher": "fabianlauer",
    "version": "0.1.5"
  },
  {
    "metadata": {
      "id": "484d897a-6711-403c-ab54-a96f12be5833",
      "publisherId": "Equinusocio.vsc-community-material-theme",
      "publisherDisplayName": "Equinusocio"
    },
    "name": "vsc-community-material-theme",
    "publisher": "Equinusocio",
    "version": "1.4.1"
  },
  {
    "metadata": {
      "id": "dffaf5a1-2219-434b-9d87-cb586fd59260",
      "publisherId": "Equinusocio.vsc-material-theme",
      "publisherDisplayName": "Equinusocio"
    },
    "name": "vsc-material-theme",
    "publisher": "Equinusocio",
    "version": "32.8.0"
  },
  {
    "metadata": {
      "id": "ccf9294f-f78f-429a-8856-387624db2432",
      "publisherId": "hnw.vscode-auto-open-markdown-preview",
      "publisherDisplayName": "hnw"
    },
    "name": "vscode-auto-open-markdown-preview",
    "publisher": "hnw",
    "version": "0.0.4"
  },
  {
    "metadata": {
      "id": "aaee577c-f062-495a-9816-0cbd442f1d25",
      "publisherId": "ecmel.vscode-html-css",
      "publisherDisplayName": "ecmel"
    },
    "name": "vscode-html-css",
    "publisher": "ecmel",
    "version": "0.2.3"
  },
  {
    "metadata": {
      "id": "61fcd0cf-64d7-4836-8d6b-d55f4fb83281",
      "publisherId": "vscjava.vscode-java-debug",
      "publisherDisplayName": "vscjava"
    },
    "name": "vscode-java-debug",
    "publisher": "vscjava",
    "version": "0.26.0"
  },
  {
    "metadata": {
      "id": "7865e561-1c83-410e-9b99-aabada597a7e",
      "publisherId": "vscjava.vscode-java-dependency",
      "publisherDisplayName": "vscjava"
    },
    "name": "vscode-java-dependency",
    "publisher": "vscjava",
    "version": "0.10.2"
  },
  {
    "metadata": {
      "id": "96f11e1f-1a46-4592-b084-f025b2c2a81f",
      "publisherId": "vscjava.vscode-java-pack",
      "publisherDisplayName": "vscjava"
    },
    "name": "vscode-java-pack",
    "publisher": "vscjava",
    "version": "0.9.1"
  },
  {
    "metadata": {
      "id": "67c06b0d-1891-42ca-b2a8-113e79bff069",
      "publisherId": "vscjava.vscode-java-test",
      "publisherDisplayName": "vscjava"
    },
    "name": "vscode-java-test",
    "publisher": "vscjava",
    "version": "0.24.0"
  },
  {
    "metadata": {
      "id": "8bd907de-999c-4f06-9be1-f74a06da52fb",
      "publisherId": "georgewfraser.vscode-javac",
      "publisherDisplayName": "georgewfraser"
    },
    "name": "vscode-javac",
    "publisher": "georgewfraser",
    "version": "0.2.33"
  },
  {
    "metadata": {
      "id": "510e1d4e-1f9e-4910-8dbd-627c6f8a9791",
      "publisherId": "akamud.vscode-javascript-snippet-pack",
      "publisherDisplayName": "akamud"
    },
    "name": "vscode-javascript-snippet-pack",
    "publisher": "akamud",
    "version": "0.1.6"
  },
  {
    "metadata": {
      "id": "b0f06c6b-24fb-4d7b-bd79-bc5e2fa17312",
      "publisherId": "vscjava.vscode-maven",
      "publisherDisplayName": "vscjava"
    },
    "name": "vscode-maven",
    "publisher": "vscjava",
    "version": "0.22.0"
  },
  {
    "metadata": {
      "id": "2f67a87a-f228-4c64-aa59-d66f638cc822",
      "publisherId": "capaj.vscode-standardjs-snippets",
      "publisherDisplayName": "capaj"
    },
    "name": "vscode-standardjs-snippets",
    "publisher": "capaj",
    "version": "0.8.12"
  },
  {
    "metadata": {
      "id": "15305aca-2588-4ca0-8147-ab2c64730b82",
      "publisherId": "ms-vscode.vscode-typescript-next",
      "publisherDisplayName": "ms-vscode"
    },
    "name": "vscode-typescript-next",
    "publisher": "ms-vscode",
    "version": "4.0.20200715"
  },
  {
    "metadata": {
      "id": "6703768d-d42f-474e-9f6e-5f288d53f6e8",
      "publisherId": "redhat.vscode-xml",
      "publisherDisplayName": "redhat"
    },
    "name": "vscode-xml",
    "publisher": "redhat",
    "version": "0.13.0"
  },
  {
    "metadata": {
      "id": "0cf26461-1e73-40e2-a95f-5e04b1c935c7",
      "publisherId": "rogalmic.vscode-xml-complete",
      "publisherDisplayName": "rogalmic"
    },
    "name": "vscode-xml-complete",
    "publisher": "rogalmic",
    "version": "0.2.11"
  },
  {
    "metadata": {
      "id": "dd23a7e5-ce03-48e7-af0f-a82b38689808",
      "publisherId": "WashirePie.vscode-xsl-transform",
      "publisherDisplayName": "WashirePie"
    },
    "name": "vscode-xsl-transform",
    "publisher": "WashirePie",
    "version": "1.1.0"
  },
  {
    "metadata": {
      "id": "9c323ccd-d7ea-4b99-97a6-a7adac96b698",
      "publisherId": "philschatz.vscode-xslt",
      "publisherDisplayName": "philschatz"
    },
    "name": "vscode-xslt",
    "publisher": "philschatz",
    "version": "1.4.0"
  },
  {
    "metadata": {
      "id": "06d328cd-a929-4aef-ab67-d96fd986a3ec",
      "publisherId": "szul.vscode-xslt",
      "publisherDisplayName": "szul"
    },
    "name": "vscode-xslt",
    "publisher": "szul",
    "version": "0.2.0"
  },
  {
    "metadata": {
      "id": "a5672f09-9af7-4ccd-b422-560aa863a22a",
      "publisherId": "marvinhagemeister.vscode-xslt-snippets",
      "publisherDisplayName": "marvinhagemeister"
    },
    "name": "vscode-xslt-snippets",
    "publisher": "marvinhagemeister",
    "version": "0.1.0"
  },
  {
    "metadata": {
      "id": "876e8f93-74d0-4f4f-91b7-34a09f19f444",
      "publisherId": "VisualStudioExptTeam.vscodeintellicode",
      "publisherDisplayName": "VisualStudioExptTeam"
    },
    "name": "vscodeintellicode",
    "publisher": "VisualStudioExptTeam",
    "version": "1.2.9"
  },
  {
    "metadata": {
      "id": "0cb81da2-1880-4755-9995-0ae9cc728e20",
      "publisherId": "DotJoshJohnson.xml",
      "publisherDisplayName": "DotJoshJohnson"
    },
    "name": "xml",
    "publisher": "DotJoshJohnson",
    "version": "2.5.0"
  },
  {
    "metadata": {
      "id": "ec0a68f4-7ba0-42eb-b1f4-b6ef4f1755a7",
      "publisherId": "mikeburgh.xml-format",
      "publisherDisplayName": "mikeburgh"
    },
    "name": "xml-format",
    "publisher": "mikeburgh",
    "version": "1.0.2"
  },
  {
    "metadata": {
      "id": "324df20c-3ee4-4139-bcd2-a94d68aaf35d",
      "publisherId": "SAPOSS.xml-toolkit",
      "publisherDisplayName": "SAPOSS"
    },
    "name": "xml-toolkit",
    "publisher": "SAPOSS",
    "version": "1.0.3"
  },
  {
    "metadata": {
      "id": "5aa1a7ae-169f-4a2d-8092-ee6b050027f2",
      "publisherId": "wedzyou.xml-xsl-snippet",
      "publisherDisplayName": "wedzyou"
    },
    "name": "xml-xsl-snippet",
    "publisher": "wedzyou",
    "version": "0.0.1"
  },
  {
    "metadata": {
      "id": "b7e84ad6-5e59-4743-ba0d-a3b27322b648",
      "publisherId": "buianhthang.xml2json",
      "publisherDisplayName": "buianhthang"
    },
    "name": "xml2json",
    "publisher": "buianhthang",
    "version": "1.2.3"
  },
  {
    "metadata": {
      "id": "b9c2430e-6982-4e35-8473-0379967c83c7",
      "publisherId": "docs-kr.xml2json",
      "publisherDisplayName": "docs-kr"
    },
    "name": "xml2json",
    "publisher": "docs-kr",
    "version": "0.0.8"
  },
  {
    "metadata": {
      "id": "02908c39-a62c-4256-aea0-eaee7cc0a54f",
      "publisherId": "marmac.xslt-action",
      "publisherDisplayName": "marmac"
    },
    "name": "xslt-action",
    "publisher": "marmac",
    "version": "0.0.2"
  },
  {
    "metadata": {
      "id": "89d9cf21-e041-489c-b8fd-e631a8ab9465",
      "publisherId": "SvenAGN.xslt-transform",
      "publisherDisplayName": "SvenAGN"
    },
    "name": "xslt-transform",
    "publisher": "SvenAGN",
    "version": "0.0.4"
  },
  {
    "metadata": {
      "id": "60de978e-6cfa-4496-94f4-9aa6addc330b",
      "publisherId": "deltaxml.xslt-xpath",
      "publisherDisplayName": "deltaxml"
    },
    "name": "xslt-xpath",
    "publisher": "deltaxml",
    "version": "0.1.3"
  }
]